<?xml version="1.0" encoding="UTF-8"?><?xml-stylesheet type='text/xsl' href='_UpgradeReport_Files/UpgradeReport.xslt'?><UpgradeLog>
<Properties><Property Name="Solution" Value="AdminImaging">
</Property><Property Name="Solution File" Value="C:\ADMIN Imaging\POC\AdminImaging\AdminImaging.sln">
</Property><Property Name="User Options File" Value="C:\ADMIN Imaging\POC\AdminImaging\AdminImaging.suo">
</Property><Property Name="Date" Value="Wednesday, December 07, 2011">
</Property><Property Name="Time" Value="11:13 AM">
</Property></Properties><Event ErrorLevel="0" Project="" Source="AdminImaging.sln" Description="File successfully backed up as C:\ADMIN Imaging\POC\AdminImaging\Backup\AdminImaging.sln">
</Event><Event ErrorLevel="0" Project="" Source="AdminImaging.suo" Description="File successfully backed up as C:\ADMIN Imaging\POC\AdminImaging\Backup\AdminImaging.suo">
</Event><Event ErrorLevel="0" Project="AdminImaging" Source="AdminImaging.csproj" Description="Project file successfully backed up as C:\ADMIN Imaging\POC\AdminImaging\Backup\AdminImaging.csproj">
</Event><Event ErrorLevel="0" Project="AdminImaging" Source="AdminImaging.csproj.user" Description="Project user file successfully backed up as C:\ADMIN Imaging\POC\AdminImaging\Backup\AdminImaging.csproj.user">
</Event><Event ErrorLevel="0" Project="AdminImaging" Source="FileNetConnector.cs" Description="File successfully backed up as C:\ADMIN Imaging\POC\AdminImaging\Backup\FileNetConnector.cs">
</Event><Event ErrorLevel="0" Project="AdminImaging" Source="Login.cs" Description="File successfully backed up as C:\ADMIN Imaging\POC\AdminImaging\Backup\Login.cs">
</Event><Event ErrorLevel="0" Project="AdminImaging" Source="Login.designer.cs" Description="File successfully backed up as C:\ADMIN Imaging\POC\AdminImaging\Backup\Login.designer.cs">
</Event><Event ErrorLevel="0" Project="AdminImaging" Source="RegistryWriter.cs" Description="File successfully backed up as C:\ADMIN Imaging\POC\AdminImaging\Backup\RegistryWriter.cs">
</Event><Event ErrorLevel="0" Project="AdminImaging" Source="UploadTool.cs" Description="File successfully backed up as C:\ADMIN Imaging\POC\AdminImaging\Backup\UploadTool.cs">
</Event><Event ErrorLevel="0" Project="AdminImaging" Source="UploadTool.Designer.cs" Description="File successfully backed up as C:\ADMIN Imaging\POC\AdminImaging\Backup\UploadTool.Designer.cs">
</Event><Event ErrorLevel="0" Project="AdminImaging" Source="Program.cs" Description="File successfully backed up as C:\ADMIN Imaging\POC\AdminImaging\Backup\Program.cs">
</Event><Event ErrorLevel="0" Project="AdminImaging" Source="Properties\AssemblyInfo.cs" Description="File successfully backed up as C:\ADMIN Imaging\POC\AdminImaging\Backup\Properties\AssemblyInfo.cs">
</Event><Event ErrorLevel="0" Project="AdminImaging" Source="Properties\Resources.Designer.cs" Description="File successfully backed up as C:\ADMIN Imaging\POC\AdminImaging\Backup\Properties\Resources.Designer.cs">
</Event><Event ErrorLevel="0" Project="AdminImaging" Source="Properties\Settings.Designer.cs" Description="File successfully backed up as C:\ADMIN Imaging\POC\AdminImaging\Backup\Properties\Settings.Designer.cs">
</Event><Event ErrorLevel="0" Project="AdminImaging" Source="Web References\CEWS\Reference.cs" Description="File successfully backed up as C:\ADMIN Imaging\POC\AdminImaging\Backup\Web References\CEWS\Reference.cs">
</Event><Event ErrorLevel="0" Project="AdminImaging" Source="AdminImaging_TemporaryKey.pfx" Description="File successfully backed up as C:\ADMIN Imaging\POC\AdminImaging\Backup\AdminImaging_TemporaryKey.pfx">
</Event><Event ErrorLevel="0" Project="AdminImaging" Source="app.config" Description="File successfully backed up as C:\ADMIN Imaging\POC\AdminImaging\Backup\app.config">
</Event><Event ErrorLevel="0" Project="AdminImaging" Source="Properties\Settings.settings" Description="File successfully backed up as C:\ADMIN Imaging\POC\AdminImaging\Backup\Properties\Settings.settings">
</Event><Event ErrorLevel="0" Project="AdminImaging" Source="Web References\CEWS\ChangeResponseType1.datasource" Description="File successfully backed up as C:\ADMIN Imaging\POC\AdminImaging\Backup\Web References\CEWS\ChangeResponseType1.datasource">
</Event><Event ErrorLevel="0" Project="AdminImaging" Source="Web References\CEWS\ContentResponseType1.datasource" Description="File successfully backed up as C:\ADMIN Imaging\POC\AdminImaging\Backup\Web References\CEWS\ContentResponseType1.datasource">
</Event><Event ErrorLevel="0" Project="AdminImaging" Source="Web References\CEWS\FNCEWS40.wsdl" Description="File successfully backed up as C:\ADMIN Imaging\POC\AdminImaging\Backup\Web References\CEWS\FNCEWS40.wsdl">
</Event><Event ErrorLevel="0" Project="AdminImaging" Source="Web References\CEWS\FNCEWS40MTOM.wsdl" Description="File successfully backed up as C:\ADMIN Imaging\POC\AdminImaging\Backup\Web References\CEWS\FNCEWS40MTOM.wsdl">
</Event><Event ErrorLevel="0" Project="AdminImaging" Source="Web References\CEWS\GetSearchMetadataResponse1.datasource" Description="File successfully backed up as C:\ADMIN Imaging\POC\AdminImaging\Backup\Web References\CEWS\GetSearchMetadataResponse1.datasource">
</Event><Event ErrorLevel="0" Project="AdminImaging" Source="Web References\CEWS\ObjectResponseType1.datasource" Description="File successfully backed up as C:\ADMIN Imaging\POC\AdminImaging\Backup\Web References\CEWS\ObjectResponseType1.datasource">
</Event><Event ErrorLevel="0" Project="AdminImaging" Source="Web References\CEWS\ObjectSetType1.datasource" Description="File successfully backed up as C:\ADMIN Imaging\POC\AdminImaging\Backup\Web References\CEWS\ObjectSetType1.datasource">
</Event><Event ErrorLevel="0" Project="AdminImaging" Source="Web References\CEWS\Reference.map" Description="File successfully backed up as C:\ADMIN Imaging\POC\AdminImaging\Backup\Web References\CEWS\Reference.map">
</Event><Event ErrorLevel="0" Project="AdminImaging" Source="Login.resx" Description="File successfully backed up as C:\ADMIN Imaging\POC\AdminImaging\Backup\Login.resx">
</Event><Event ErrorLevel="0" Project="AdminImaging" Source="UploadTool.resx" Description="File successfully backed up as C:\ADMIN Imaging\POC\AdminImaging\Backup\UploadTool.resx">
</Event><Event ErrorLevel="0" Project="AdminImaging" Source="Properties\Resources.resx" Description="File successfully backed up as C:\ADMIN Imaging\POC\AdminImaging\Backup\Properties\Resources.resx">
</Event><Event ErrorLevel="0" Project="AdminImaging" Source="AdminImaging.csproj" Description="Project converted successfully">
</Event><Event ErrorLevel="3" Project="AdminImaging" Source="AdminImaging.csproj" Description="Converted">
</Event><Event ErrorLevel="0" Project="" Source="AdminImaging.sln" Description="Solution converted successfully">
</Event><Event ErrorLevel="3" Project="" Source="AdminImaging.sln" Description="Converted">
</Event><Event ErrorLevel="0" Project="AdminImaging" Source="AdminImaging.csproj" Description="Scan complete: Upgrade not required for project files.">
</Event></UpgradeLog>